{"coefficients": [2001.1174191998318, -581.1791779457169, 668.4927723993796], "intercept": -9304.793063453673, "r_squared": 0.04755764926482409, "adjusted_r_squared": -0.014558156217904683}